START TRANSACTION;
use clinica;

insert into itens(nome_item,descricao_item)
	values ('Lâmpada','Luz da cadeira'),
		   ('Caneta de alta-rotação',''),
		   ('Caneta de baixa-rotação',''),
		   ('Cadeira odontológica',''),
		   ('Sugador','');

insert into boxes(num_box,setor_box)
	values (1,'B'),(2,'B'),(3,'B'),(4,'A'),(5,'A'),
		   (6,'B'),(7,'B'),(8,'B'),(9,'B'),(10,'A'),
		   (11,'A'),(12,'A'),(13,'D'),(14,'D'),(15,'D'),
		   (16,'D'),(17,'C'),(18,'C'),(19,'C'),(20,'D'),
		   (21,'D'),(22,'D'),(23,'D'),(24,'C'),(25,'C'),
		   (26,'C'),(27,'F'),(28,'F'),(29,'F'),(30,'F'),
		   (31,'E'),(32,'E'),(33,'E'),(34,'F'),(35,'F'),
		   (36,'F'),(37,'F'),(38,'E'),(39,'E'),(40,'E'),
		   (41,'H'),(42,'H'),(43,'H'),(44,'G'),(45,'G'),
		   (46,'G'),(47,'H'),(48,'H'),(49,'H'),(50,'H'),
		   (51,'J'),(52,'J'),(53,'J'),(54,'J'),(55,'J'),
		   (56,'J'),(57,'J'),(58,'J'),(59,'I'),(60,'I'),
		   (61,'I'),(62,'M'),(63,'M'),(64,'M'),(65,'M'),
		   (66,'L'),(67,'L'),(68,'L'),(69,'M'),(70,'M'),
		   (71,'M'),(72,'M'),(73,'L'),(74,'L'),(75,'L'),
		   (76,'O'),(77,'O'),(78,'O'),(79,'O'),(80,'N'),
		   (81,'N'),(82,'N'),(83,'O'),(84,'O'),(85,'O'),
		   (86,'O'),(87,'N'),(88,'N'),(89,'N');

insert into boxes_itens(id_box,id_item)
	values (1,'1'),(2,'1'),(3,'1'),(4,'1'),(5,'1'),
		   (6,'1'),(7,'1'),(8,'1'),(9,'1'),(10,'1'),
		   (11,'1'),(12,'1'),(13,'1'),(14,'1'),(15,'1'),
		   (16,'1'),(17,'1'),(18,'1'),(19,'1'),(20,'1'),
		   (21,'1'),(22,'1'),(23,'1'),(24,'1'),(25,'1'),
		   (26,'1'),(27,'1'),(28,'1'),(29,'1'),(30,'1'),
		   (31,'1'),(32,'1'),(33,'1'),(34,'1'),(35,'1'),
		   (36,'1'),(37,'1'),(38,'1'),(39,'1'),(40,'1'),
		   (41,'1'),(42,'1'),(43,'1'),(44,'1'),(45,'1'),
		   (46,'1'),(47,'1'),(48,'1'),(49,'1'),(50,'1'),
		   (51,'1'),(52,'1'),(53,'1'),(54,'1'),(55,'1'),
		   (56,'1'),(57,'1'),(58,'1'),(59,'1'),(60,'1'),
		   (61,'1'),(62,'1'),(63,'1'),(64,'1'),(65,'1'),
		   (66,'1'),(67,'1'),(68,'1'),(69,'1'),(70,'1'),
		   (71,'1'),(72,'1'),(73,'1'),(74,'1'),(75,'1'),
		   (76,'1'),(77,'1'),(78,'1'),(79,'1'),(80,'1'),
		   (81,'1'),(82,'1'),(83,'1'),(84,'1'),(85,'1'),
		   (86,'1'),(87,'1'),(88,'1'),(89,'1'),

		   (1,'2'),(2,'2'),(3,'2'),(4,'2'),(5,'2'),
		   (6,'2'),(7,'2'),(8,'2'),(9,'2'),(10,'2'),
		   (11,'2'),(12,'2'),(13,'2'),(14,'2'),(15,'2'),
		   (16,'2'),(17,'2'),(18,'2'),(19,'2'),(20,'2'),
		   (21,'2'),(22,'2'),(23,'2'),(24,'2'),(25,'2'),
		   (26,'2'),(27,'2'),(28,'2'),(29,'2'),(30,'2'),
		   (31,'2'),(32,'2'),(33,'2'),(34,'2'),(35,'2'),
		   (36,'2'),(37,'2'),(38,'2'),(39,'2'),(40,'2'),
		   (41,'2'),(42,'2'),(43,'2'),(44,'2'),(45,'2'),
		   (46,'2'),(47,'2'),(48,'2'),(49,'2'),(50,'2'),
		   (51,'2'),(52,'2'),(53,'2'),(54,'2'),(55,'2'),
		   (56,'2'),(57,'2'),(58,'2'),(59,'2'),(60,'2'),
		   (61,'2'),(62,'2'),(63,'2'),(64,'2'),(65,'2'),
		   (66,'2'),(67,'2'),(68,'2'),(69,'2'),(70,'2'),
		   (71,'2'),(72,'2'),(73,'2'),(74,'2'),(75,'2'),
		   (76,'2'),(77,'2'),(78,'2'),(79,'2'),(80,'2'),
		   (81,'2'),(82,'2'),(83,'2'),(84,'2'),(85,'2'),
		   (86,'2'),(87,'2'),(88,'2'),(89,'2'),

		   (1,'3'),(2,'3'),(3,'3'),(4,'3'),(5,'3'),
		   (6,'3'),(7,'3'),(8,'3'),(9,'3'),(10,'3'),
		   (11,'3'),(12,'3'),(13,'3'),(14,'3'),(15,'3'),
		   (16,'3'),(17,'3'),(18,'3'),(19,'3'),(20,'3'),
		   (21,'3'),(22,'3'),(23,'3'),(24,'3'),(25,'3'),
		   (26,'3'),(27,'3'),(28,'3'),(29,'3'),(30,'3'),
		   (31,'3'),(32,'3'),(33,'3'),(34,'3'),(35,'3'),
		   (36,'3'),(37,'3'),(38,'3'),(39,'3'),(40,'3'),
		   (41,'3'),(42,'3'),(43,'3'),(44,'3'),(45,'3'),
		   (46,'3'),(47,'3'),(48,'3'),(49,'3'),(50,'3'),
		   (51,'3'),(52,'3'),(53,'3'),(54,'3'),(55,'3'),
		   (56,'3'),(57,'3'),(58,'3'),(59,'3'),(60,'3'),
		   (61,'3'),(62,'3'),(63,'3'),(64,'3'),(65,'3'),
		   (66,'3'),(67,'3'),(68,'3'),(69,'3'),(70,'3'),
		   (71,'3'),(72,'3'),(73,'3'),(74,'3'),(75,'3'),
		   (76,'3'),(77,'3'),(78,'3'),(79,'3'),(80,'3'),
		   (81,'3'),(82,'3'),(83,'3'),(84,'3'),(85,'3'),
		   (86,'3'),(87,'3'),(88,'3'),(89,'3'),

		   (1,'4'),(2,'4'),(3,'4'),(4,'4'),(5,'4'),
		   (6,'4'),(7,'4'),(8,'4'),(9,'4'),(10,'4'),
		   (11,'4'),(12,'4'),(13,'4'),(14,'4'),(15,'4'),
		   (16,'4'),(17,'4'),(18,'4'),(19,'4'),(20,'4'),
		   (21,'4'),(22,'4'),(23,'4'),(24,'4'),(25,'4'),
		   (26,'4'),(27,'4'),(28,'4'),(29,'4'),(30,'4'),
		   (31,'4'),(32,'4'),(33,'4'),(34,'4'),(35,'4'),
		   (36,'4'),(37,'4'),(38,'4'),(39,'4'),(40,'4'),
		   (41,'4'),(42,'4'),(43,'4'),(44,'4'),(45,'4'),
		   (46,'4'),(47,'4'),(48,'4'),(49,'4'),(50,'4'),
		   (51,'4'),(52,'4'),(53,'4'),(54,'4'),(55,'4'),
		   (56,'4'),(57,'4'),(58,'4'),(59,'4'),(60,'4'),
		   (61,'4'),(62,'4'),(63,'4'),(64,'4'),(65,'4'),
		   (66,'4'),(67,'4'),(68,'4'),(69,'4'),(70,'4'),
		   (71,'4'),(72,'4'),(73,'4'),(74,'4'),(75,'4'),
		   (76,'4'),(77,'4'),(78,'4'),(79,'4'),(80,'4'),
		   (81,'4'),(82,'4'),(83,'4'),(84,'4'),(85,'4'),
		   (86,'4'),(87,'4'),(88,'4'),(89,'4'),

		   (1,'5'),(2,'5'),(3,'5'),(4,'5'),(5,'5'),
		   (6,'5'),(7,'5'),(8,'5'),(9,'5'),(10,'5'),
		   (11,'5'),(12,'5'),(13,'5'),(14,'5'),(15,'5'),
		   (16,'5'),(17,'5'),(18,'5'),(19,'5'),(20,'5'),
		   (21,'5'),(22,'5'),(23,'5'),(24,'5'),(25,'5'),
		   (26,'5'),(27,'5'),(28,'5'),(29,'5'),(30,'5'),
		   (31,'5'),(32,'5'),(33,'5'),(34,'5'),(35,'5'),
		   (36,'5'),(37,'5'),(38,'5'),(39,'5'),(40,'5'),
		   (41,'5'),(42,'5'),(43,'5'),(44,'5'),(45,'5'),
		   (46,'5'),(47,'5'),(48,'5'),(49,'5'),(50,'5'),
		   (51,'5'),(52,'5'),(53,'5'),(54,'5'),(55,'5'),
		   (56,'5'),(57,'5'),(58,'5'),(59,'5'),(60,'5'),
		   (61,'5'),(62,'5'),(63,'5'),(64,'5'),(65,'5'),
		   (66,'5'),(67,'5'),(68,'5'),(69,'5'),(70,'5'),
		   (71,'5'),(72,'5'),(73,'5'),(74,'5'),(75,'5'),
		   (76,'5'),(77,'5'),(78,'5'),(79,'5'),(80,'5'),
		   (81,'5'),(82,'5'),(83,'5'),(84,'5'),(85,'5'),
		   (86,'5'),(87,'5'),(88,'5'),(89,'5');
COMMIT;

